Model,Training Budget,Test Budget,Binary Err Rate,F1 Micro,F1 Macro,ROC AUC
GBDT,0,0,0.039870,0.960130,0.868485,0.980526
Random Forest,0,0,0.056258,0.943742,0.828179,0.973812
Adv Boosting,20,0,0.040205,0.959795,0.871840,0.982465
Adv Boosting,40,0,0.040787,0.959213,0.870253,0.985414
Adv Boosting,60,0,0.041077,0.958923,0.869261,0.982649
Robust Trees,20,0,0.051250,0.948750,0.843335,0.976033
Robust Trees,40,0,0.051347,0.948653,0.843115,0.974923
Robust Trees,60,0,0.051250,0.948750,0.843790,0.974558
RF-Treant,20,0,0.051540,0.948460,0.843132,0.975684
RF-Treant,40,0,0.051153,0.948847,0.843707,0.975857
RF-Treant,60,0,0.050475,0.949525,0.845554,0.975933
GBDT,0,20,0.345984,0.654016,0.505954,0.722029
Random Forest,0,20,0.402051,0.597949,0.463520,0.749123
Adv Boosting,20,20,0.063734,0.936266,0.783460,0.948180
Adv Boosting,40,20,0.061721,0.938279,0.792004,0.955020
Adv Boosting,60,20,0.062488,0.937512,0.788041,0.949370
Robust Trees,20,20,0.055588,0.944412,0.827658,0.972789
Robust Trees,40,20,0.056642,0.943358,0.825498,0.971295
Robust Trees,60,20,0.056546,0.943454,0.825370,0.970310
RF-Treant,20,20,0.056929,0.943071,0.825711,0.970825
RF-Treant,40,20,0.056450,0.943550,0.826089,0.972120
RF-Treant,60,20,0.055108,0.944892,0.828893,0.972232
GBDT,0,40,0.850585,0.149415,0.147823,0.457449
Random Forest,0,40,0.950930,0.049070,0.046846,0.585483
Adv Boosting,20,40,0.136669,0.863331,0.667439,0.856225
Adv Boosting,40,40,0.062488,0.937512,0.789875,0.953508
Adv Boosting,60,40,0.119034,0.880966,0.691609,0.936213
Robust Trees,20,40,0.055588,0.944412,0.827658,0.972789
Robust Trees,40,40,0.056642,0.943358,0.825498,0.971295
Robust Trees,60,40,0.056546,0.943454,0.825370,0.970310
RF-Treant,20,40,0.056929,0.943071,0.825711,0.970825
RF-Treant,40,40,0.056450,0.943550,0.826089,0.972120
RF-Treant,60,40,0.055108,0.944892,0.828893,0.972232
GBDT,0,60,0.850585,0.149415,0.147823,0.457449
Random Forest,0,60,0.950930,0.049070,0.046846,0.585483
Adv Boosting,20,60,0.175580,0.824420,0.625766,0.834226
Adv Boosting,40,60,0.063063,0.936937,0.788626,0.947169
Adv Boosting,60,60,0.119513,0.880487,0.690728,0.935885
Robust Trees,20,60,0.055588,0.944412,0.827658,0.972789
Robust Trees,40,60,0.056642,0.943358,0.825498,0.971295
Robust Trees,60,60,0.056546,0.943454,0.825370,0.970310
RF-Treant,20,60,0.056929,0.943071,0.825711,0.970825
RF-Treant,40,60,0.056450,0.943550,0.826089,0.972120
RF-Treant,60,60,0.055108,0.944892,0.828893,0.972232
